order_date,daily_revenue,rolling_avg_7d,prev_day_revenue,dod_growth_pct
2025-01-01,4125.45,4125.45,,
2025-01-02,4555.55,4340.5,4125.45,10.43
2025-01-03,4999.06,4560.02,4555.55,9.74
2025-01-04,6396.44,5019.13,4999.06,27.95
2025-01-05,2222.56,4459.81,6396.44,-65.25
2025-01-06,3665.8,4327.48,2222.56,64.94
2025-01-07,5574.01,4505.55,3665.8,52.05
2025-01-08,2051.54,4209.28,5574.01,-63.19
2025-01-09,2823.43,3961.83,2051.54,37.62
2025-01-10,2826.86,3651.52,2823.43,0.12
2025-01-11,4272.68,3348.13,2826.86,51.15
2025-01-12,2290.76,3357.87,4272.68,-46.39
2025-01-13,3340.65,3311.42,2290.76,45.83
2025-01-14,5008.0,3230.56,3340.65,49.91
2025-01-15,4050.71,3516.16,5008.0,-19.12
2025-01-16,5372.1,3880.25,4050.71,32.62
2025-01-17,5878.11,4316.14,5372.1,9.42
2025-01-18,3616.8,4222.45,5878.11,-38.47
2025-01-19,5735.66,4714.58,3616.8,58.58
2025-01-20,6992.42,5236.26,5735.66,21.91
2025-01-21,5539.26,5312.15,6992.42,-20.78
2025-01-22,3483.67,5231.15,5539.26,-37.11
2025-01-23,2476.62,4817.51,3483.67,-28.91
2025-01-24,4256.12,4585.79,2476.62,71.85
2025-01-25,3209.13,4527.55,4256.12,-24.6
2025-01-26,3944.2,4271.63,3209.13,22.91
2025-01-27,3624.11,3790.44,3944.2,-8.12
2025-01-28,3555.12,3507.0,3624.11,-1.9
2025-01-29,4767.01,3690.33,3555.12,34.09
2025-01-30,5270.14,4089.4,4767.01,10.55
2025-01-31,5843.47,4316.17,5270.14,10.88
2025-02-01,2416.65,4202.96,5843.47,-58.64
2025-02-02,2695.06,4024.51,2416.65,11.52
2025-02-03,2240.94,3826.91,2695.06,-16.85
2025-02-04,5611.66,4120.7,2240.94,150.42
2025-02-05,3852.09,3990.0,5611.66,-31.36
2025-02-06,5150.52,3972.91,3852.09,33.71
2025-02-07,4025.47,3713.2,5150.52,-21.84
2025-02-08,5257.82,4119.08,4025.47,30.61
2025-02-09,4238.29,4339.54,5257.82,-19.39
2025-02-10,4915.19,4721.58,4238.29,15.97
2025-02-11,4922.02,4623.06,4915.19,0.14
2025-02-12,3508.03,4573.91,4922.02,-28.73
2025-02-13,3540.35,4343.88,3508.03,0.92
2025-02-14,6668.69,4721.48,3540.35,88.36
2025-02-15,5448.8,4748.77,6668.69,-18.29
2025-02-16,2268.24,4467.33,5448.8,-58.37
2025-02-17,5162.27,4502.63,2268.24,127.59
2025-02-18,4781.81,4482.6,5162.27,-7.37
2025-02-19,1995.19,4266.48,4781.81,-58.28
2025-02-20,2466.68,4113.1,1995.19,23.63
2025-02-21,3106.96,3604.28,2466.68,25.96
2025-02-22,2730.9,3216.01,3106.96,-12.1
2025-02-23,4004.7,3464.07,2730.9,46.64
2025-02-24,4507.17,3370.49,4004.7,12.55
2025-02-25,2634.09,3063.67,4507.17,-41.56
2025-02-26,7439.87,3841.48,2634.09,182.45
2025-02-27,5335.55,4251.32,7439.87,-28.28
2025-02-28,6478.07,4732.91,5335.55,21.41
2025-03-01,3737.54,4876.71,6478.07,-42.3
2025-03-02,3122.06,4750.62,3737.54,-16.47
2025-03-03,5125.64,4838.97,3122.06,64.17
2025-03-04,5594.0,5261.82,5125.64,9.14
2025-03-05,3663.46,4722.33,5594.0,-34.51
2025-03-06,4080.74,4543.07,3663.46,11.39
2025-03-07,3503.19,4118.09,4080.74,-14.15
2025-03-08,4660.22,4249.9,3503.19,33.03
2025-03-09,1922.21,4078.49,4660.22,-58.75
2025-03-10,7302.29,4389.44,1922.21,279.89
2025-03-11,2488.15,3945.75,7302.29,-65.93
2025-03-12,4580.58,4076.77,2488.15,84.1
2025-03-13,5063.3,4217.13,4580.58,10.54
2025-03-14,3708.57,4246.47,5063.3,-26.76
2025-03-15,2918.43,3997.65,3708.57,-21.31
2025-03-16,5866.97,4561.18,2918.43,101.03
2025-03-17,4854.75,4211.54,5866.97,-17.25
2025-03-18,3271.61,4323.46,4854.75,-32.61
2025-03-19,4456.64,4305.75,3271.61,36.22
2025-03-20,5349.11,4346.58,4456.64,20.03
2025-03-21,5698.66,4630.88,5349.11,6.53
2025-03-22,6278.01,5110.82,5698.66,10.17
2025-03-23,2094.51,4571.9,6278.01,-66.64
2025-03-24,5928.95,4725.36,2094.51,183.07
2025-03-25,2222.56,4575.49,5928.95,-62.51
2025-03-26,2771.13,4334.7,2222.56,24.68
2025-03-27,2488.07,3925.98,2771.13,-10.21
2025-03-28,6788.21,4081.63,2488.07,172.83
2025-03-29,5106.19,3914.23,6788.21,-24.78
2025-03-30,5909.09,4459.17,5106.19,15.72
2025-03-31,4963.27,4321.22,5909.09,-16.01
2025-04-01,1787.23,4259.03,4963.27,-63.99
2025-04-02,5706.86,4678.42,1787.23,219.31
2025-04-03,3415.14,4810.86,5706.86,-40.16
2025-04-04,2389.65,4182.49,3415.14,-30.03
2025-04-05,2619.77,3827.29,2389.65,9.63
2025-04-06,3124.36,3429.47,2619.77,19.26
2025-04-07,6109.39,3593.2,3124.36,95.54
2025-04-08,4204.41,3938.51,6109.39,-31.18
2025-04-09,3858.37,3674.44,4204.41,-8.23
2025-04-10,2909.59,3602.22,3858.37,-24.59
2025-04-11,5442.71,4038.37,2909.59,87.06
2025-04-12,3192.21,4120.15,5442.71,-41.35
2025-04-13,3072.7,4112.77,3192.21,-3.74
2025-04-14,5196.64,3982.38,3072.7,69.12
2025-04-15,3982.89,3950.73,5196.64,-23.36
2025-04-16,5987.1,4254.83,3982.89,50.32
2025-04-17,4501.12,4482.2,5987.1,-24.82
2025-04-18,2361.16,4041.97,4501.12,-47.54
2025-04-19,3162.08,4037.67,2361.16,33.92
2025-04-20,4349.83,4220.12,3162.08,37.56
2025-04-21,2632.48,3853.81,4349.83,-39.48
2025-04-22,5880.27,4124.86,2632.48,123.37
2025-04-23,6225.63,4158.94,5880.27,5.87
2025-04-24,5041.24,4236.1,6225.63,-19.02
2025-04-25,2986.57,4325.44,5041.24,-40.76
2025-04-26,3441.34,4365.34,2986.57,15.23
2025-04-27,1634.06,3977.37,3441.34,-52.52
2025-04-28,3666.96,4125.15,1634.06,124.41
2025-04-29,2263.24,3608.43,3666.96,-38.28
2025-04-30,4985.44,3431.26,2263.24,120.28
2025-05-01,2987.13,3137.82,4985.44,-40.08
2025-05-02,1614.3,2941.78,2987.13,-45.96
2025-05-03,1184.91,2619.43,1614.3,-26.6
2025-05-04,3126.97,2832.71,1184.91,163.9
2025-05-05,1823.45,2569.35,3126.97,-41.69
2025-05-06,1903.47,2517.95,1823.45,4.39
2025-05-07,4599.24,2462.78,1903.47,141.62
2025-05-08,4718.48,2710.12,4599.24,2.59
2025-05-09,4875.29,3175.97,4718.48,3.32
2025-05-10,4318.9,3623.69,4875.29,-11.41
2025-05-11,1788.65,3432.5,4318.9,-58.59
2025-05-12,2884.46,3584.07,1788.65,61.26
2025-05-13,5384.7,4081.39,2884.46,86.68
2025-05-14,1535.91,3643.77,5384.7,-71.48
2025-05-15,1811.4,3228.47,1535.91,17.94
2025-05-16,2902.83,2946.69,1811.4,60.25
2025-05-17,1644.61,2564.65,2902.83,-43.34
2025-05-18,3364.0,2789.7,1644.61,104.55
2025-05-19,3755.5,2914.14,3364.0,11.64
2025-05-20,1773.67,2398.27,3755.5,-52.77
2025-05-21,5292.6,2934.94,1773.67,198.4
2025-05-22,6092.0,3546.46,5292.6,15.1
2025-05-23,2342.2,3466.37,6092.0,-61.55
2025-05-24,3898.61,3788.37,2342.2,66.45
2025-05-25,4821.53,3996.59,3898.61,23.67
2025-05-26,3844.07,4009.24,4821.53,-20.27
2025-05-27,3062.06,4193.3,3844.07,-20.34
2025-05-28,3980.85,4005.9,3062.06,30.01
2025-05-29,4189.04,3734.05,3980.85,5.23
2025-05-30,3887.3,3954.78,4189.04,-7.2
2025-05-31,5854.77,4234.23,3887.3,50.61
2025-06-01,3327.05,4020.73,5854.77,-43.17
2025-06-02,3670.57,3995.95,3327.05,10.33
2025-06-03,6288.29,4456.84,3670.57,71.32
2025-06-04,3716.81,4419.12,6288.29,-40.89
2025-06-05,4675.73,4488.65,3716.81,25.8
2025-06-06,2591.4,4303.52,4675.73,-44.58
2025-06-07,4802.34,4153.17,2591.4,85.32
2025-06-08,2081.6,3975.25,4802.34,-56.65
2025-06-09,4100.54,4036.67,2081.6,96.99
2025-06-10,4243.68,3744.59,4100.54,3.49
2025-06-11,2512.22,3572.5,4243.68,-40.8
2025-06-12,5518.47,3692.89,2512.22,119.67
2025-06-13,6287.17,4220.86,5518.47,13.93
2025-06-14,6401.53,4449.32,6287.17,1.82
2025-06-15,2227.05,4470.09,6401.53,-65.21
2025-06-16,1196.29,4055.2,2227.05,-46.28
2025-06-17,3982.83,4017.94,1196.29,232.93
2025-06-18,4304.58,4273.99,3982.83,8.08
2025-06-19,3744.68,4020.59,4304.58,-13.01
2025-06-20,1949.76,3400.96,3744.68,-47.93
2025-06-21,2903.69,2901.27,1949.76,48.93
2025-06-22,3430.08,3073.13,2903.69,18.13
2025-06-23,3717.49,3433.3,3430.08,8.38
2025-06-24,5085.07,3590.76,3717.49,36.79
2025-06-25,5581.8,3773.22,5085.07,9.77
2025-06-26,5217.16,3983.58,5581.8,-6.53
2025-06-27,5804.22,4534.22,5217.16,11.25
2025-06-28,5065.7,4843.07,5804.22,-12.72
2025-06-29,4885.57,5051.0,5065.7,-3.56
2025-06-30,2040.78,4811.47,4885.57,-58.23
2025-07-01,5895.41,4927.23,2040.78,188.88
2025-07-02,4722.08,4804.42,5895.41,-19.9
2025-07-03,3019.45,4490.46,4722.08,-36.06
2025-07-04,2482.34,4015.9,3019.45,-17.79
2025-07-05,3684.33,3818.57,2482.34,48.42
2025-07-06,3779.1,3660.5,3684.33,2.57
2025-07-07,2403.58,3712.33,3779.1,-36.4
2025-07-08,4703.32,3542.03,2403.58,95.68
2025-07-09,2061.16,3161.9,4703.32,-56.18
2025-07-10,3408.08,3217.42,2061.16,65.35
2025-07-11,6195.47,3747.86,3408.08,81.79
2025-07-12,4285.56,3833.75,6195.47,-30.83
2025-07-13,6148.89,4172.29,4285.56,43.48
2025-07-14,5433.43,4605.13,6148.89,-11.64
2025-07-15,3467.57,4428.59,5433.43,-36.18
2025-07-16,3585.3,4646.33,3467.57,3.4
2025-07-17,4128.12,4749.19,3585.3,15.14
2025-07-18,4503.75,4507.52,4128.12,9.1
2025-07-19,5496.43,4680.5,4503.75,22.04
2025-07-20,3292.48,4272.44,5496.43,-40.1
2025-07-21,3427.63,3985.9,3292.48,4.1
2025-07-22,4260.99,4099.24,3427.63,24.31
2025-07-23,5213.85,4331.89,4260.99,22.36
2025-07-24,5386.26,4511.63,5213.85,3.31
2025-07-25,4543.39,4517.29,5386.26,-15.65
2025-07-26,5253.94,4482.65,4543.39,15.64
2025-07-27,3270.76,4479.55,5253.94,-37.75
2025-07-28,5388.42,4759.66,3270.76,64.75
2025-07-29,2953.75,4572.91,5388.42,-45.18
2025-07-30,4352.52,4449.86,2953.75,47.36
2025-07-31,4797.5,4365.75,4352.52,10.22
2025-08-01,4827.88,4406.4,4797.5,0.63
2025-08-02,3229.56,4117.2,4827.88,-33.11
2025-08-03,1703.25,3893.27,3229.56,-47.26
2025-08-04,5596.94,3923.06,1703.25,228.6
2025-08-05,5676.15,4311.97,5596.94,1.42
2025-08-06,3548.56,4197.12,5676.15,-37.48
2025-08-07,6660.95,4463.33,3548.56,87.71
2025-08-08,1987.46,4057.55,6660.95,-70.16
2025-08-09,4020.89,4170.6,1987.46,102.31
2025-08-10,3490.23,4425.88,4020.89,-13.2
2025-08-11,2876.8,4037.29,3490.23,-17.58
2025-08-12,4290.66,3839.36,2876.8,49.15
2025-08-13,2688.36,3716.48,4290.66,-37.34
2025-08-14,2168.51,3074.7,2688.36,-19.34
2025-08-15,4558.4,3441.98,2168.51,110.21
2025-08-16,3650.98,3389.13,4558.4,-19.91
2025-08-17,5702.27,3705.14,3650.98,56.18
2025-08-18,2639.36,3671.22,5702.27,-53.71
2025-08-19,5662.66,3867.22,2639.36,114.55
2025-08-20,5494.1,4268.04,5662.66,-2.98
2025-08-21,3398.14,4443.7,5494.1,-38.15
2025-08-22,3015.73,4223.32,3398.14,-11.25
2025-08-23,3361.79,4182.01,3015.73,11.48
2025-08-24,2592.45,3737.75,3361.79,-22.88
2025-08-25,4044.84,3938.53,2592.45,56.02
2025-08-26,1910.58,3402.52,4044.84,-52.77
2025-08-27,6492.51,3545.15,1910.58,239.82
2025-08-28,3385.63,3543.36,6492.51,-47.85
2025-08-29,4885.76,3810.51,3385.63,44.31
2025-08-30,4113.95,3917.96,4885.76,-15.8
2025-08-31,4925.79,4251.29,4113.95,19.73
2025-09-01,5406.94,4445.88,4925.79,9.77
2025-09-02,4216.86,4775.35,5406.94,-22.01
2025-09-03,2182.67,4159.66,4216.86,-48.24
2025-09-04,2491.86,4031.98,2182.67,14.17
2025-09-05,4434.54,3967.52,2491.86,77.96
2025-09-06,1234.34,3556.14,4434.54,-72.17
2025-09-07,4225.36,3456.08,1234.34,242.32
2025-09-08,1210.47,2856.59,4225.36,-71.35
2025-09-09,2496.74,2610.85,1210.47,106.26
2025-09-10,5360.25,3064.79,2496.74,114.69
2025-09-11,2000.92,2994.66,5360.25,-62.67
2025-09-12,3727.9,2893.71,2000.92,86.31
2025-09-13,4450.28,3353.13,3727.9,19.38
2025-09-14,2650.14,3128.1,4450.28,-40.45
2025-09-15,2483.62,3309.98,2650.14,-6.28
2025-09-16,3314.51,3426.8,2483.62,33.45
2025-09-17,5624.93,3464.61,3314.51,69.71
2025-09-18,5803.79,4007.88,5624.93,3.18
2025-09-19,5200.84,4218.3,5803.79,-10.39
2025-09-20,4552.94,4232.97,5200.84,-12.46
2025-09-21,2872.75,4264.77,4552.94,-36.9
2025-09-22,5660.02,4718.54,2872.75,97.02
2025-09-23,2468.12,4597.63,5660.02,-56.39
2025-09-24,3791.1,4335.65,2468.12,53.6
2025-09-25,3938.02,4069.11,3791.1,3.88
2025-09-26,1656.92,3562.84,3938.02,-57.93
2025-09-27,4367.27,3536.31,1656.92,163.58
2025-09-28,3626.49,3643.99,4367.27,-16.96
2025-09-29,6493.14,3763.01,3626.49,79.05
2025-09-30,5672.14,4220.73,6493.14,-12.64
2025-10-01,4770.78,4360.68,5672.14,-15.89
2025-10-02,6502.75,4727.07,4770.78,36.3
2025-10-03,4051.03,5069.09,6502.75,-37.7
2025-10-04,6731.0,5406.76,4051.03,66.16
2025-10-05,5639.51,5694.34,6731.0,-16.22
2025-10-06,3611.46,5282.67,5639.51,-35.96
2025-10-07,3862.34,5024.12,3611.46,6.95
2025-10-08,3469.58,4838.24,3862.34,-10.17
2025-10-09,4105.23,4495.74,3469.58,18.32
2025-10-10,4907.91,4618.15,4105.23,19.55
2025-10-11,4867.82,4351.98,4907.91,-0.82
2025-10-12,4472.79,4185.3,4867.82,-8.12
2025-10-13,3994.3,4240.0,4472.79,-10.7
2025-10-14,6548.33,4623.71,3994.3,63.94
2025-10-15,3095.12,4570.21,6548.33,-52.73
2025-10-16,2777.01,4380.47,3095.12,-10.28
2025-10-17,5089.64,4406.43,2777.01,83.28
2025-10-18,4053.25,4290.06,5089.64,-20.36
2025-10-19,4074.34,4233.14,4053.25,0.52
2025-10-20,3528.72,4166.63,4074.34,-13.39
2025-10-21,2277.13,3556.46,3528.72,-35.47
2025-10-22,2620.13,3488.6,2277.13,15.06
2025-10-23,2044.38,3383.94,2620.13,-21.97
2025-10-24,2831.55,3061.36,2044.38,38.5
2025-10-25,7010.45,3483.81,2831.55,147.58
2025-10-26,5698.83,3715.88,7010.45,-18.71
2025-10-27,5496.04,3996.93,5698.83,-3.56
2025-10-28,2855.14,4079.5,5496.04,-48.05
2025-10-29,3071.45,4143.98,2855.14,7.58
2025-10-30,4213.17,4453.8,3071.45,37.17
2025-10-31,2225.99,4367.3,4213.17,-47.17
2025-11-01,5570.34,4161.57,2225.99,150.24
2025-11-02,3805.82,3891.14,5570.34,-31.68
2025-11-03,4517.34,3751.32,3805.82,18.7
2025-11-04,3877.94,3897.44,4517.34,-14.15
2025-11-05,4598.08,4115.53,3877.94,18.57
2025-11-06,5440.71,4290.89,4598.08,18.33
2025-11-07,3562.44,4481.81,5440.71,-34.52
2025-11-08,3526.39,4189.82,3562.44,-1.01
2025-11-09,2803.45,4046.62,3526.39,-20.5
2025-11-10,3690.23,3928.46,2803.45,31.63
2025-11-11,5454.88,4153.74,3690.23,47.82
2025-11-12,2459.48,3848.23,5454.88,-54.91
2025-11-13,6387.45,3983.47,2459.48,159.71
2025-11-14,2549.21,3838.73,6387.45,-60.09
2025-11-15,4441.96,3969.52,2549.21,74.25
2025-11-16,4293.93,4182.45,4441.96,-3.33
2025-11-17,3183.66,4110.08,4293.93,-25.86
2025-11-18,3583.51,3842.74,3183.66,12.56
2025-11-19,4036.97,4068.1,3583.51,12.65
2025-11-20,2294.75,3483.43,4036.97,-43.16
2025-11-21,2656.96,3498.82,2294.75,15.78
2025-11-22,2418.11,3209.7,2656.96,-8.99
2025-11-23,4870.96,3292.13,2418.11,101.44
2025-11-24,5138.91,3571.45,4870.96,5.5
2025-11-25,3823.59,3605.75,5138.91,-25.6
2025-11-26,4976.31,3739.94,3823.59,30.15
2025-11-27,6040.02,4274.98,4976.31,21.38
2025-11-28,2232.31,4214.32,6040.02,-63.04
2025-11-29,4290.62,4481.82,2232.31,92.21
2025-11-30,3862.97,4337.82,4290.62,-9.97
2025-12-01,3577.22,4114.72,3862.97,-7.4
2025-12-02,4000.76,4140.03,3577.22,11.84
2025-12-03,2509.54,3787.63,4000.76,-37.27
2025-12-04,2742.87,3316.61,2509.54,9.3
2025-12-05,2627.69,3373.1,2742.87,-4.2
2025-12-06,2985.84,3186.7,2627.69,13.63
2025-12-07,1245.97,2812.84,2985.84,-58.27
2025-12-08,4120.44,2890.44,1245.97,230.7
2025-12-09,2411.79,2663.45,4120.44,-41.47
2025-12-10,4713.87,2978.35,2411.79,95.45
2025-12-11,1725.67,2833.04,4713.87,-63.39
2025-12-12,3299.37,2928.99,1725.67,91.19
2025-12-13,2283.81,2828.7,3299.37,-30.78
2025-12-14,2703.1,3036.86,2283.81,18.36
2025-12-15,4400.32,3076.85,2703.1,62.79
2025-12-16,2968.35,3156.36,4400.32,-32.54
2025-12-17,5309.73,3241.48,2968.35,78.88
2025-12-18,3561.77,3503.78,5309.73,-32.92
2025-12-19,2795.19,3431.75,3561.77,-21.52
2025-12-20,4311.25,3721.39,2795.19,54.24
2025-12-21,3539.87,3840.93,4311.25,-17.89
2025-12-22,1738.59,3460.68,3539.87,-50.89
2025-12-23,6018.02,3896.35,1738.59,246.14
2025-12-24,6845.97,4115.81,6018.02,13.76
2025-12-25,4331.58,4225.78,6845.97,-36.73
2025-12-26,6570.08,4765.05,4331.58,51.68
2025-12-27,3829.86,4696.28,6570.08,-41.71
2025-12-28,6615.14,5135.61,3829.86,72.73
2025-12-29,1778.07,5141.25,6615.14,-73.12
2025-12-30,3775.79,4820.93,1778.07,112.35
2025-12-31,3995.26,4413.68,3775.79,5.81
